{"cameraMode":{"drawMode":0,"name":"Shaded","section":"Shading Mode"},"sceneLighting":true,"audioPlay":false,"sceneViewState":{"showFog":false,"showMaterialUpdate":false,"showSkybox":false,"showFlares":false,"showImageEffects":false,"showParticleSystems":false},"in2DMode":false,"pivot":{"x":340.33575439453127,"y":94.24592590332031,"z":87.6190185546875},"rotation":{"x":0.07603421807289124,"y":0.3505551517009735,"z":-0.028567153960466386,"w":0.9330133199691773},"size":951.5432739257813,"orthographic":false}