{"cameraMode":{"drawMode":0,"name":"Shaded","section":"Shading Mode"},"sceneLighting":true,"audioPlay":false,"sceneViewState":{"showFog":false,"showMaterialUpdate":false,"showSkybox":false,"showFlares":false,"showImageEffects":false,"showParticleSystems":false},"in2DMode":false,"pivot":{"x":168.0079803466797,"y":219.75111389160157,"z":242.515869140625},"rotation":{"x":0.013452671468257904,"y":0.22688959538936616,"z":-0.0031336387619376184,"w":0.9738225340843201},"size":1239.1568603515625,"orthographic":false}