{"cameraMode":{"drawMode":0,"name":"Shaded","section":"Shading Mode"},"sceneLighting":true,"audioPlay":false,"sceneViewState":{"showFog":false,"showMaterialUpdate":false,"showSkybox":false,"showFlares":false,"showImageEffects":false,"showParticleSystems":false},"in2DMode":false,"pivot":{"x":243.8545684814453,"y":84.82941436767578,"z":297.1642761230469},"rotation":{"x":0.10362688452005387,"y":-0.0005916465306654573,"z":0.00006230580765986815,"w":0.9946160912513733},"size":652.305908203125,"orthographic":false}